{
    "MAE": 4.355872922523675,
    "MSE": 26.596183389544098,
    "RMSE": 5.157148765504452,
    "R2": 0.011653657169663822
}